Handle,Title,Published,Status,Collection,Variant Price
collagen-mixed-berry,,true,active,Pouch Collection,0.00
collagen-mixed-berry,,true,active,Sachet Collection,0.00
hydration-electrolytes-lemon-lime,,true,active,Pouch Collection,0.00
hydration-electrolytes-lemon-lime,,true,active,Sachet Collection,0.00
hydration-electrolytes-watermelon,,true,active,Pouch Collection,0.00
hydration-electrolytes-watermelon,,true,active,Sachet Collection,0.00
hydration-electrolytes-coconut,,true,active,Pouch Collection,0.00
hydration-electrolytes-coconut,,true,active,Sachet Collection,0.00
greens-pineapple,,true,active,Pouch Collection,0.00
greens-pineapple,,true,active,Sachet Collection,0.00
daily-wellness-peach-mango,,true,active,Pouch Collection,0.00
daily-wellness-peach-mango,,true,active,Sachet Collection,0.00
gummies-mixed-berry,,true,active,Pouch Collection,0.00
gummies-mixed-berry,,true,active,Sachet Collection,0.00
weight-management-pink-lemonade,,true,active,Pouch Collection,0.00
weight-management-pink-lemonade,,true,active,Sachet Collection,0.00
premium-protein-chocolate,,true,active,Pouch Collection,0.00
premium-protein-chocolate,,true,active,Sachet Collection,0.00
hydration-electrolytes-lemon-lime,,true,active,Energy & Performance,0.00
premium-protein-chocolate,,true,active,Energy & Performance,0.00
gummies-mixed-berry,,true,active,Beauty & Collagen,0.00
