Handle,Title,Body (HTML),Vendor,Product Category,Type,Tags,Published,Option1 Name,Option1 Value,Option2 Name,Option2 Value,Option3 Name,Option3 Value,Variant SKU,Variant Grams,Variant Inventory Tracker,Variant Inventory Qty,Variant Inventory Policy,Variant Fulfillment Service,Variant Price,Variant Compare At Price,Variant Requires Shipping,Variant Taxable,Variant Barcode,Image Src,Image Position,Image Alt Text,Gift Card,SEO Title,SEO Description,Variant Image,Variant Weight Unit,Cost per item,Status
collagen-mixed-berry,Collagen — Mixed Berry,<p>A bright mixed-berry collagen ritual made for women who want beauty-focused wellness to feel easy and enjoyable.</p>,REÚ,Health & Beauty > Health Care > Fitness & Nutrition > Vitamins & Supplements,Collagen,"Pre-Order, Beauty & Collagen, Mixed Berry, Collagen, Beauty",false,Format,Pouch,,,,,REU-COL-MB-POUCH,0,,,continue,manual,0.00,,true,true,,https://raw.githubusercontent.com/universalmailgo786-ctrl/REUShopifywebsite/main/product-images/pouch/01-collagen-mixed-berry-pouch.jpg,1,REÚ Collagen — Mixed Berry pouch,false,Collagen Mixed Berry | REÚ,Pre-order REÚ Collagen in Mixed Berry. Available in full-size pouch and single-serve sachet.,https://raw.githubusercontent.com/universalmailgo786-ctrl/REUShopifywebsite/main/product-images/pouch/01-collagen-mixed-berry-pouch.jpg,g,,draft
collagen-mixed-berry,,,,,,,,Format,Sachet,,,,,REU-COL-MB-SACHET,0,,,continue,manual,0.00,,true,true,,https://raw.githubusercontent.com/universalmailgo786-ctrl/REUShopifywebsite/main/product-images/sachet/01-collagen-mixed-berry-sachet.jpg,2,REÚ Collagen — Mixed Berry sachet,,,,https://raw.githubusercontent.com/universalmailgo786-ctrl/REUShopifywebsite/main/product-images/sachet/01-collagen-mixed-berry-sachet.jpg,g,,
hydration-electrolytes-lemon-lime,Hydration Electrolytes — Lemon Lime,"<p>A crisp citrus hydration blend for refreshing support before, during, or after the moments that move you.</p>",REÚ,Health & Beauty > Health Care > Fitness & Nutrition > Vitamins & Supplements,Hydration Electrolytes,"Pre-Order, Hydration, Lemon Lime, Hydration Electrolytes, Energy & Performance",false,Format,Pouch,,,,,REU-HYD-LL-POUCH,0,,,continue,manual,0.00,,true,true,,https://raw.githubusercontent.com/universalmailgo786-ctrl/REUShopifywebsite/main/product-images/pouch/02-hydration-lemon-lime-pouch.jpg,1,REÚ Hydration Electrolytes — Lemon Lime pouch,false,Hydration Electrolytes Lemon Lime | REÚ,Pre-order REÚ Hydration Electrolytes in Lemon Lime. Pouch and sachet formats.,https://raw.githubusercontent.com/universalmailgo786-ctrl/REUShopifywebsite/main/product-images/pouch/02-hydration-lemon-lime-pouch.jpg,g,,draft
hydration-electrolytes-lemon-lime,,,,,,,,Format,Sachet,,,,,REU-HYD-LL-SACHET,0,,,continue,manual,0.00,,true,true,,https://raw.githubusercontent.com/universalmailgo786-ctrl/REUShopifywebsite/main/product-images/sachet/02-hydration-lemon-lime-sachet.jpg,2,REÚ Hydration Electrolytes — Lemon Lime sachet,,,,https://raw.githubusercontent.com/universalmailgo786-ctrl/REUShopifywebsite/main/product-images/sachet/02-hydration-lemon-lime-sachet.jpg,g,,
hydration-electrolytes-watermelon,Hydration Electrolytes — Watermelon,<p>A juicy watermelon hydration blend that brings a more enjoyable rhythm to everyday replenishment.</p>,REÚ,Health & Beauty > Health Care > Fitness & Nutrition > Vitamins & Supplements,Hydration Electrolytes,"Pre-Order, Hydration, Watermelon, Hydration Electrolytes",false,Format,Pouch,,,,,REU-HYD-WM-POUCH,0,,,continue,manual,0.00,,true,true,,https://raw.githubusercontent.com/universalmailgo786-ctrl/REUShopifywebsite/main/product-images/pouch/03-hydration-watermelon-pouch.jpg,1,REÚ Hydration Electrolytes — Watermelon pouch,false,Hydration Electrolytes Watermelon | REÚ,Pre-order REÚ Hydration Electrolytes in Watermelon. Pouch and sachet formats.,https://raw.githubusercontent.com/universalmailgo786-ctrl/REUShopifywebsite/main/product-images/pouch/03-hydration-watermelon-pouch.jpg,g,,draft
hydration-electrolytes-watermelon,,,,,,,,Format,Sachet,,,,,REU-HYD-WM-SACHET,0,,,continue,manual,0.00,,true,true,,https://raw.githubusercontent.com/universalmailgo786-ctrl/REUShopifywebsite/main/product-images/sachet/03-hydration-watermelon-sachet.jpg,2,REÚ Hydration Electrolytes — Watermelon sachet,,,,https://raw.githubusercontent.com/universalmailgo786-ctrl/REUShopifywebsite/main/product-images/sachet/03-hydration-watermelon-sachet.jpg,g,,
hydration-electrolytes-coconut,Hydration Electrolytes — Coconut,"<p>A smooth tropical hydration blend designed for simple, refreshing support wherever your day goes.</p>",REÚ,Health & Beauty > Health Care > Fitness & Nutrition > Vitamins & Supplements,Hydration Electrolytes,"Pre-Order, Hydration, Coconut, Hydration Electrolytes",false,Format,Pouch,,,,,REU-HYD-CO-POUCH,0,,,continue,manual,0.00,,true,true,,https://raw.githubusercontent.com/universalmailgo786-ctrl/REUShopifywebsite/main/product-images/pouch/04-hydration-coconut-pouch.jpg,1,REÚ Hydration Electrolytes — Coconut pouch,false,Hydration Electrolytes Coconut | REÚ,Pre-order REÚ Hydration Electrolytes in Coconut. Pouch and sachet formats.,https://raw.githubusercontent.com/universalmailgo786-ctrl/REUShopifywebsite/main/product-images/pouch/04-hydration-coconut-pouch.jpg,g,,draft
hydration-electrolytes-coconut,,,,,,,,Format,Sachet,,,,,REU-HYD-CO-SACHET,0,,,continue,manual,0.00,,true,true,,https://raw.githubusercontent.com/universalmailgo786-ctrl/REUShopifywebsite/main/product-images/sachet/04-hydration-coconut-sachet.jpg,2,REÚ Hydration Electrolytes — Coconut sachet,,,,https://raw.githubusercontent.com/universalmailgo786-ctrl/REUShopifywebsite/main/product-images/sachet/04-hydration-coconut-sachet.jpg,g,,
greens-pineapple,Greens — Pineapple,<p>A tropical pineapple greens blend that makes adding a simple green ritual to your day feel brighter.</p>,REÚ,Health & Beauty > Health Care > Fitness & Nutrition > Vitamins & Supplements,Greens,"Pre-Order, Greens & Nutrition, Pineapple, Greens",false,Format,Pouch,,,,,REU-GRN-PI-POUCH,0,,,continue,manual,0.00,,true,true,,https://raw.githubusercontent.com/universalmailgo786-ctrl/REUShopifywebsite/main/product-images/pouch/05-greens-pineapple-pouch.jpg,1,REÚ Greens — Pineapple pouch,false,Greens Pineapple | REÚ,Pre-order REÚ Greens in Pineapple. Available in pouch and sachet.,https://raw.githubusercontent.com/universalmailgo786-ctrl/REUShopifywebsite/main/product-images/pouch/05-greens-pineapple-pouch.jpg,g,,draft
greens-pineapple,,,,,,,,Format,Sachet,,,,,REU-GRN-PI-SACHET,0,,,continue,manual,0.00,,true,true,,https://raw.githubusercontent.com/universalmailgo786-ctrl/REUShopifywebsite/main/product-images/sachet/05-greens-pineapple-sachet.jpg,2,REÚ Greens — Pineapple sachet,,,,https://raw.githubusercontent.com/universalmailgo786-ctrl/REUShopifywebsite/main/product-images/sachet/05-greens-pineapple-sachet.jpg,g,,
daily-wellness-peach-mango,Daily Wellness — Peach Mango,<p>A vibrant peach-mango blend designed to make everyday wellness support feel like a ritual—not another task.</p>,REÚ,Health & Beauty > Health Care > Fitness & Nutrition > Vitamins & Supplements,Daily Wellness,"Pre-Order, Daily Wellness, Peach Mango",false,Format,Pouch,,,,,REU-DWL-PM-POUCH,0,,,continue,manual,0.00,,true,true,,https://raw.githubusercontent.com/universalmailgo786-ctrl/REUShopifywebsite/main/product-images/pouch/06-daily-wellness-peach-mango-pouch.jpg,1,REÚ Daily Wellness — Peach Mango pouch,false,Daily Wellness Peach Mango | REÚ,Pre-order REÚ Daily Wellness in Peach Mango. Pouch and sachet formats.,https://raw.githubusercontent.com/universalmailgo786-ctrl/REUShopifywebsite/main/product-images/pouch/06-daily-wellness-peach-mango-pouch.jpg,g,,draft
daily-wellness-peach-mango,,,,,,,,Format,Sachet,,,,,REU-DWL-PM-SACHET,0,,,continue,manual,0.00,,true,true,,https://raw.githubusercontent.com/universalmailgo786-ctrl/REUShopifywebsite/main/product-images/sachet/06-daily-wellness-peach-mango-sachet.jpg,2,REÚ Daily Wellness — Peach Mango sachet,,,,https://raw.githubusercontent.com/universalmailgo786-ctrl/REUShopifywebsite/main/product-images/sachet/06-daily-wellness-peach-mango-sachet.jpg,g,,
gummies-mixed-berry,Gummies — Mixed Berry,<p>A mixed-berry gummy format designed to make daily wellness feel simple and enjoyable.</p>,REÚ,Health & Beauty > Health Care > Fitness & Nutrition > Vitamins & Supplements,Gummies,"Pre-Order, Daily Wellness, Mixed Berry, Gummies, Beauty & Collagen",false,Format,Pouch,,,,,REU-GUM-MB-POUCH,0,,,continue,manual,0.00,,true,true,,https://raw.githubusercontent.com/universalmailgo786-ctrl/REUShopifywebsite/main/product-images/pouch/07-gummies-mixed-berry-pouch.jpg,1,REÚ Gummies — Mixed Berry pouch,false,Gummies Mixed Berry | REÚ,Pre-order REÚ Gummies in Mixed Berry. Confirm format details on the product page.,https://raw.githubusercontent.com/universalmailgo786-ctrl/REUShopifywebsite/main/product-images/pouch/07-gummies-mixed-berry-pouch.jpg,g,,draft
gummies-mixed-berry,,,,,,,,Format,Sachet,,,,,REU-GUM-MB-SACHET,0,,,continue,manual,0.00,,true,true,,https://raw.githubusercontent.com/universalmailgo786-ctrl/REUShopifywebsite/main/product-images/sachet/07-gummies-mixed-berry-sachet.jpg,2,REÚ Gummies — Mixed Berry sachet,,,,https://raw.githubusercontent.com/universalmailgo786-ctrl/REUShopifywebsite/main/product-images/sachet/07-gummies-mixed-berry-sachet.jpg,g,,
weight-management-pink-lemonade,Weight Management — Pink Lemonade,<p>A refreshing pink-lemonade blend designed to complement an intentional wellness routine.</p>,REÚ,Health & Beauty > Health Care > Fitness & Nutrition > Vitamins & Supplements,Weight Management,"Pre-Order, Weight Management, Pink Lemonade",false,Format,Pouch,,,,,REU-WGT-PL-POUCH,0,,,continue,manual,0.00,,true,true,,https://raw.githubusercontent.com/universalmailgo786-ctrl/REUShopifywebsite/main/product-images/pouch/08-weight-management-pink-lemonade-pouch.jpg,1,REÚ Weight Management — Pink Lemonade pouch,false,Weight Management Pink Lemonade | REÚ,Pre-order REÚ Weight Management in Pink Lemonade. Pouch and sachet formats.,https://raw.githubusercontent.com/universalmailgo786-ctrl/REUShopifywebsite/main/product-images/pouch/08-weight-management-pink-lemonade-pouch.jpg,g,,draft
weight-management-pink-lemonade,,,,,,,,Format,Sachet,,,,,REU-WGT-PL-SACHET,0,,,continue,manual,0.00,,true,true,,https://raw.githubusercontent.com/universalmailgo786-ctrl/REUShopifywebsite/main/product-images/sachet/08-weight-management-pink-lemonade-sachet.jpg,2,REÚ Weight Management — Pink Lemonade sachet,,,,https://raw.githubusercontent.com/universalmailgo786-ctrl/REUShopifywebsite/main/product-images/sachet/08-weight-management-pink-lemonade-sachet.jpg,g,,
premium-protein-chocolate,Premium Protein — Chocolate,"<p>A rich chocolate protein blend made to support an active routine with a satisfying, easy-to-enjoy format.</p>",REÚ,Health & Beauty > Health Care > Fitness & Nutrition > Vitamins & Supplements,Premium Protein,"Pre-Order, Protein & Recovery, Chocolate, Premium Protein, Energy & Performance",false,Format,Pouch,,,,,REU-PRO-CH-POUCH,0,,,continue,manual,0.00,,true,true,,https://raw.githubusercontent.com/universalmailgo786-ctrl/REUShopifywebsite/main/product-images/pouch/09-premium-protein-chocolate-pouch.jpg,1,REÚ Premium Protein — Chocolate pouch,false,Premium Protein Chocolate | REÚ,Pre-order REÚ Premium Protein in Chocolate. Available in pouch and sachet.,https://raw.githubusercontent.com/universalmailgo786-ctrl/REUShopifywebsite/main/product-images/pouch/09-premium-protein-chocolate-pouch.jpg,g,,draft
premium-protein-chocolate,,,,,,,,Format,Sachet,,,,,REU-PRO-CH-SACHET,0,,,continue,manual,0.00,,true,true,,https://raw.githubusercontent.com/universalmailgo786-ctrl/REUShopifywebsite/main/product-images/sachet/09-premium-protein-chocolate-sachet.jpg,2,REÚ Premium Protein — Chocolate sachet,,,,https://raw.githubusercontent.com/universalmailgo786-ctrl/REUShopifywebsite/main/product-images/sachet/09-premium-protein-chocolate-sachet.jpg,g,,
